analysis_type	partition_id	metric_name	metric_direction	model_a	model_b	continuous_specification	n_conditions	n_strata	unique_winner_count	minimum_kendall_tau_b_vs_aggregate	maximum_aggregate_winner_regret	interaction_dispersion	loo_mae	loo_mse	delta_loo_mae_vs_intercept	delta_loo_mae_vs_av_only	permutation_draws	permutation_interval_low	permutation_interval_high	permutation_exceedance_fraction	status
continuous_pairwise		gene_wise_spearman	higher_is_better	pb_biolord_star	pb_cpa	continuous_intercept	46	0					0.089019939734000006	0.012815828677999999	0	0.010299240877	0				estimated
continuous_pairwise		gene_wise_spearman	higher_is_better	pb_biolord_star	pb_cpa	continuous_effect_rank	46	0					0.081362643563000006	0.012050353316	-0.0076572961709999998	0.002641944707	0				estimated
continuous_pairwise		gene_wise_spearman	higher_is_better	pb_biolord_star	pb_cpa	continuous_additivity_violation_rank	46	0					0.078720698857000004	0.011489640464	-0.010299240877	0	0				estimated
continuous_pairwise		gene_wise_spearman	higher_is_better	pb_biolord_star	pb_cpa	continuous_additive_axes	46	0					0.076299506793999994	0.011590714468	-0.012720432941	-0.0024211920630000001	0				estimated
continuous_pairwise		gene_wise_spearman	higher_is_better	pb_biolord_star	pb_cpa	continuous_axis_interaction	46	0					0.082614800134999999	0.011897630495	-0.0064051395989999996	0.0038941012779999998	0				estimated
continuous_pairwise		gene_wise_spearman	higher_is_better	pb_biolord_star	pb_decoder_only	continuous_intercept	46	0					0.10662600960099999	0.020168317014000001	0	0.0087628822669999999	0				estimated
continuous_pairwise		gene_wise_spearman	higher_is_better	pb_biolord_star	pb_decoder_only	continuous_effect_rank	46	0					0.098252747592999998	0.018691809476999999	-0.0083732620079999993	0.00038962025900000002	0				estimated
continuous_pairwise		gene_wise_spearman	higher_is_better	pb_biolord_star	pb_decoder_only	continuous_additivity_violation_rank	46	0					0.097863127334000002	0.018392907566	-0.0087628822669999999	0	0				estimated
continuous_pairwise		gene_wise_spearman	higher_is_better	pb_biolord_star	pb_decoder_only	continuous_additive_axes	46	0					0.094615066257999994	0.018273851705999999	-0.012010943343	-0.0032480610760000001	0				estimated
continuous_pairwise		gene_wise_spearman	higher_is_better	pb_biolord_star	pb_decoder_only	continuous_axis_interaction	46	0					0.098703840599000003	0.018923398139999999	-0.0079221690020000006	0.00084071326500000001	0				estimated
continuous_pairwise		gene_wise_spearman	higher_is_better	pb_biolord_star	pb_latent_additive	continuous_intercept	46	0					0.096069075653000005	0.016034065651999999	0	0.0052621399079999997	0				estimated
continuous_pairwise		gene_wise_spearman	higher_is_better	pb_biolord_star	pb_latent_additive	continuous_effect_rank	46	0					0.088901026519000004	0.014890059389	-0.0071680491339999996	-0.0019059092260000001	0				estimated
continuous_pairwise		gene_wise_spearman	higher_is_better	pb_biolord_star	pb_latent_additive	continuous_additivity_violation_rank	46	0					0.090806935744999998	0.014343042802	-0.0052621399079999997	0	0				estimated
continuous_pairwise		gene_wise_spearman	higher_is_better	pb_biolord_star	pb_latent_additive	continuous_additive_axes	46	0					0.087035212547999993	0.014328228065	-0.0090338631060000001	-0.0037717231979999999	0				estimated
continuous_pairwise		gene_wise_spearman	higher_is_better	pb_biolord_star	pb_latent_additive	continuous_axis_interaction	46	0					0.092824807457999994	0.014380966631000001	-0.0032442681959999999	0.0020178717119999998	0				estimated
continuous_pairwise		gene_wise_spearman	higher_is_better	pb_biolord_star	pb_linear_additive	continuous_intercept	46	0					0.11115205273500001	0.023974662833999998	0	0.0032341310660000001	0				estimated
continuous_pairwise		gene_wise_spearman	higher_is_better	pb_biolord_star	pb_linear_additive	continuous_effect_rank	46	0					0.10462579668999999	0.021047792007	-0.0065262560440000001	-0.003292124979	0				estimated
continuous_pairwise		gene_wise_spearman	higher_is_better	pb_biolord_star	pb_linear_additive	continuous_additivity_violation_rank	46	0					0.10791792166899999	0.022224842564000001	-0.0032341310660000001	0	0				estimated
continuous_pairwise		gene_wise_spearman	higher_is_better	pb_biolord_star	pb_linear_additive	continuous_additive_axes	46	0					0.103626365177	0.021034634784	-0.007525687558	-0.004291556492	0				estimated
continuous_pairwise		gene_wise_spearman	higher_is_better	pb_biolord_star	pb_linear_additive	continuous_axis_interaction	46	0					0.108932404242	0.021302178535999999	-0.002219648493	0.001014482573	0				estimated
continuous_pairwise		gene_wise_spearman	higher_is_better	pb_biolord_star	pb_sparse_additive_vae	continuous_intercept	46	0					0.103419667278	0.018230217016	0	-0.0033651531060000001	0				estimated
continuous_pairwise		gene_wise_spearman	higher_is_better	pb_biolord_star	pb_sparse_additive_vae	continuous_effect_rank	46	0					0.096090466776	0.016248798290000002	-0.0073292005019999999	-0.010694353607999999	0				estimated
continuous_pairwise		gene_wise_spearman	higher_is_better	pb_biolord_star	pb_sparse_additive_vae	continuous_additivity_violation_rank	46	0					0.106784820384	0.018879224540999998	0.0033651531060000001	0	0				estimated
continuous_pairwise		gene_wise_spearman	higher_is_better	pb_biolord_star	pb_sparse_additive_vae	continuous_additive_axes	46	0					0.094848620549000007	0.016240261546000001	-0.0085710467300000003	-0.011936199836	0				estimated
continuous_pairwise		gene_wise_spearman	higher_is_better	pb_biolord_star	pb_sparse_additive_vae	continuous_axis_interaction	46	0					0.100170540766	0.017234540222000001	-0.0032491265119999999	-0.006614279618	0				estimated
continuous_pairwise		gene_wise_spearman	higher_is_better	pb_cpa	pb_decoder_only	continuous_intercept	46	0					0.036221532835999999	0.003812338486	0	2.1848728e-05	0				estimated
continuous_pairwise		gene_wise_spearman	higher_is_better	pb_cpa	pb_decoder_only	continuous_effect_rank	46	0					0.035249974860999997	0.0038715471830000001	-0.00097155797499999996	-0.00094970924699999996	0				estimated
continuous_pairwise		gene_wise_spearman	higher_is_better	pb_cpa	pb_decoder_only	continuous_additivity_violation_rank	46	0					0.036199684108000001	0.0038623808859999998	-2.1848728e-05	0	0				estimated
continuous_pairwise		gene_wise_spearman	higher_is_better	pb_cpa	pb_decoder_only	continuous_additive_axes	46	0					0.035890514285000001	0.0039694274589999997	-0.000331018551	-0.000309169823	0				estimated
continuous_pairwise		gene_wise_spearman	higher_is_better	pb_cpa	pb_decoder_only	continuous_axis_interaction	46	0					0.036986711021999998	0.0039990977159999998	0.00076517818599999995	0.00078702691399999995	0				estimated
continuous_pairwise		gene_wise_spearman	higher_is_better	pb_cpa	pb_latent_additive	continuous_intercept	46	0					0.022697949483999998	0.0012445621560000001	0	-0.001702108521	0				estimated
continuous_pairwise		gene_wise_spearman	higher_is_better	pb_cpa	pb_latent_additive	continuous_effect_rank	46	0					0.023199890423999999	0.001279858599	0.00050194094000000002	-0.0012001675810000001	0				estimated
continuous_pairwise		gene_wise_spearman	higher_is_better	pb_cpa	pb_latent_additive	continuous_additivity_violation_rank	46	0					0.024400058004999999	0.0012692762420000001	0.001702108521	0	0				estimated
continuous_pairwise		gene_wise_spearman	higher_is_better	pb_cpa	pb_latent_additive	continuous_additive_axes	46	0					0.024554146932999999	0.0013100266609999999	0.0018561974489999999	0.00015408892800000001	0				estimated
continuous_pairwise		gene_wise_spearman	higher_is_better	pb_cpa	pb_latent_additive	continuous_axis_interaction	46	0					0.025398537201	0.0013182054230000001	0.0027005877160000001	0.0009984791949999999	0				estimated
continuous_pairwise		gene_wise_spearman	higher_is_better	pb_cpa	pb_linear_additive	continuous_intercept	46	0					0.050182712001000003	0.006689267217	0	-0.0040794121099999997	0				estimated
continuous_pairwise		gene_wise_spearman	higher_is_better	pb_cpa	pb_linear_additive	continuous_effect_rank	46	0					0.048724355033000002	0.0063696053659999998	-0.0014583569680000001	-0.0055377690780000002	0				estimated
continuous_pairwise		gene_wise_spearman	higher_is_better	pb_cpa	pb_linear_additive	continuous_additivity_violation_rank	46	0					0.054262124111000003	0.006956330795	0.0040794121099999997	0	0				estimated
continuous_pairwise		gene_wise_spearman	higher_is_better	pb_cpa	pb_linear_additive	continuous_additive_axes	46	0					0.049173979904999998	0.0065811272270000004	-0.0010087320960000001	-0.0050881442060000002	0				estimated
continuous_pairwise		gene_wise_spearman	higher_is_better	pb_cpa	pb_linear_additive	continuous_axis_interaction	46	0					0.050929120488000003	0.0068279885270000002	0.00074640848699999995	-0.0033330036229999999	0				estimated
continuous_pairwise		gene_wise_spearman	higher_is_better	pb_cpa	pb_sparse_additive_vae	continuous_intercept	46	0					0.102789413862	0.017360817200999999	0	0.0010888965589999999	0				estimated
continuous_pairwise		gene_wise_spearman	higher_is_better	pb_cpa	pb_sparse_additive_vae	continuous_effect_rank	46	0					0.076627062159999995	0.0092924281279999996	-0.026162351702	-0.025073455142999999	0				estimated
continuous_pairwise		gene_wise_spearman	higher_is_better	pb_cpa	pb_sparse_additive_vae	continuous_additivity_violation_rank	46	0					0.101700517303	0.015555044346	-0.0010888965589999999	0	0				estimated
continuous_pairwise		gene_wise_spearman	higher_is_better	pb_cpa	pb_sparse_additive_vae	continuous_additive_axes	46	0					0.077179036044000005	0.0095895656129999993	-0.025610377818000001	-0.024521481259	0				estimated
continuous_pairwise		gene_wise_spearman	higher_is_better	pb_cpa	pb_sparse_additive_vae	continuous_axis_interaction	46	0					0.079506562274999998	0.0099948613839999992	-0.023282851587000001	-0.022193955027999999	0				estimated
continuous_pairwise		gene_wise_spearman	higher_is_better	pb_decoder_only	pb_latent_additive	continuous_intercept	46	0					0.034368393104	0.0032103764980000002	0	-0.00032841595300000002	0				estimated
continuous_pairwise		gene_wise_spearman	higher_is_better	pb_decoder_only	pb_latent_additive	continuous_effect_rank	46	0					0.034900855735999999	0.0033479704180000001	0.00053246263200000001	0.00020404667899999999	0				estimated
continuous_pairwise		gene_wise_spearman	higher_is_better	pb_decoder_only	pb_latent_additive	continuous_additivity_violation_rank	46	0					0.034696809056999997	0.0032588994910000002	0.00032841595300000002	0	0				estimated
continuous_pairwise		gene_wise_spearman	higher_is_better	pb_decoder_only	pb_latent_additive	continuous_additive_axes	46	0					0.035548852185999999	0.0034182054140000002	0.0011804590819999999	0.00085204312799999995	0				estimated
continuous_pairwise		gene_wise_spearman	higher_is_better	pb_decoder_only	pb_latent_additive	continuous_axis_interaction	46	0					0.036370567010999999	0.003347275717	0.0020021739070000002	0.001673757954	0				estimated
continuous_pairwise		gene_wise_spearman	higher_is_better	pb_decoder_only	pb_linear_additive	continuous_intercept	46	0					0.052053957007000003	0.0076431540149999996	0	-0.0015034999380000001	0				estimated
continuous_pairwise		gene_wise_spearman	higher_is_better	pb_decoder_only	pb_linear_additive	continuous_effect_rank	46	0					0.052393346393000001	0.007828909153	0.00033938938599999997	-0.0011641105510000001	0				estimated
continuous_pairwise		gene_wise_spearman	higher_is_better	pb_decoder_only	pb_linear_additive	continuous_additivity_violation_rank	46	0					0.053557456944999998	0.0078138910660000005	0.0015034999380000001	0	0				estimated
continuous_pairwise		gene_wise_spearman	higher_is_better	pb_decoder_only	pb_linear_additive	continuous_additive_axes	46	0					0.053112878384999999	0.0079897013030000002	0.001058921378	-0.00044457855999999998	0				estimated
continuous_pairwise		gene_wise_spearman	higher_is_better	pb_decoder_only	pb_linear_additive	continuous_axis_interaction	46	0					0.055458798044000002	0.0081992006279999995	0.0034048410369999999	0.0019013411	0				estimated
continuous_pairwise		gene_wise_spearman	higher_is_better	pb_decoder_only	pb_sparse_additive_vae	continuous_intercept	46	0					0.1161562563	0.025418249992	0	0.0028421308009999998	0				estimated
continuous_pairwise		gene_wise_spearman	higher_is_better	pb_decoder_only	pb_sparse_additive_vae	continuous_effect_rank	46	0					0.086164856348000002	0.015495659198	-0.029991399952000002	-0.027149269151000001	0				estimated
continuous_pairwise		gene_wise_spearman	higher_is_better	pb_decoder_only	pb_sparse_additive_vae	continuous_additivity_violation_rank	46	0					0.113314125499	0.023041187384999998	-0.0028421308009999998	0	0				estimated
continuous_pairwise		gene_wise_spearman	higher_is_better	pb_decoder_only	pb_sparse_additive_vae	continuous_additive_axes	46	0					0.087046410833999999	0.015927012104	-0.029109845466000001	-0.026267714665000001	0				estimated
continuous_pairwise		gene_wise_spearman	higher_is_better	pb_decoder_only	pb_sparse_additive_vae	continuous_axis_interaction	46	0					0.088820187615999996	0.016404563396999999	-0.027336068684999999	-0.024493937883999999	0				estimated
continuous_pairwise		gene_wise_spearman	higher_is_better	pb_latent_additive	pb_linear_additive	continuous_intercept	46	0					0.039002891844	0.003369269402	0	-0.001400324457	0				estimated
continuous_pairwise		gene_wise_spearman	higher_is_better	pb_latent_additive	pb_linear_additive	continuous_effect_rank	46	0					0.038943627007999998	0.0031576238470000001	-5.9264836000000001e-05	-0.001459589293	0				estimated
continuous_pairwise		gene_wise_spearman	higher_is_better	pb_latent_additive	pb_linear_additive	continuous_additivity_violation_rank	46	0					0.040403216301000001	0.0035124694299999999	0.001400324457	0	0				estimated
continuous_pairwise		gene_wise_spearman	higher_is_better	pb_latent_additive	pb_linear_additive	continuous_additive_axes	46	0					0.039575853554999998	0.0032360309069999998	0.00057296171099999996	-0.00082736274600000005	0				estimated
continuous_pairwise		gene_wise_spearman	higher_is_better	pb_latent_additive	pb_linear_additive	continuous_axis_interaction	46	0					0.040171919447999999	0.003363174869	0.001169027604	-0.00023129685300000001	0				estimated
continuous_pairwise		gene_wise_spearman	higher_is_better	pb_latent_additive	pb_sparse_additive_vae	continuous_intercept	46	0					0.107878225424	0.020158823095999999	0	-0.00140833824	0				estimated
continuous_pairwise		gene_wise_spearman	higher_is_better	pb_latent_additive	pb_sparse_additive_vae	continuous_effect_rank	46	0					0.078454011668999998	0.010900603948	-0.029424213755000001	-0.030832551994999999	0				estimated
continuous_pairwise		gene_wise_spearman	higher_is_better	pb_latent_additive	pb_sparse_additive_vae	continuous_additivity_violation_rank	46	0					0.10928656366300001	0.017910785541	0.00140833824	0	0				estimated
continuous_pairwise		gene_wise_spearman	higher_is_better	pb_latent_additive	pb_sparse_additive_vae	continuous_additive_axes	46	0					0.079995359133999994	0.0111975524	-0.027882866289999999	-0.029291204529000001	0				estimated
continuous_pairwise		gene_wise_spearman	higher_is_better	pb_latent_additive	pb_sparse_additive_vae	continuous_axis_interaction	46	0					0.081957650298999998	0.011505878559	-0.025920575125000001	-0.027328913364	0				estimated
continuous_pairwise		gene_wise_spearman	higher_is_better	pb_linear_additive	pb_sparse_additive_vae	continuous_intercept	46	0					0.118168837936	0.029079518945000001	0	-0.0041734755890000001	0				estimated
continuous_pairwise		gene_wise_spearman	higher_is_better	pb_linear_additive	pb_sparse_additive_vae	continuous_effect_rank	46	0					0.087517120751999994	0.015895447462999999	-0.030651717184000001	-0.034825192773000002	0				estimated
continuous_pairwise		gene_wise_spearman	higher_is_better	pb_linear_additive	pb_sparse_additive_vae	continuous_additivity_violation_rank	46	0					0.122342313525	0.026869065269	0.0041734755890000001	0	0				estimated
continuous_pairwise		gene_wise_spearman	higher_is_better	pb_linear_additive	pb_sparse_additive_vae	continuous_additive_axes	46	0					0.089443508638999997	0.016509934887000002	-0.028725329296	-0.032898804885999999	0				estimated
continuous_pairwise		gene_wise_spearman	higher_is_better	pb_linear_additive	pb_sparse_additive_vae	continuous_axis_interaction	46	0					0.091183571140999994	0.017047117856999999	-0.026985266795000001	-0.031158742384000002	0				estimated
hard_partition	magnitude_only_binary	gene_wise_spearman	higher_is_better				46	2	1	1	0	0.031103863278999999					0				estimated
hard_partition	additivity_violation_only_binary	gene_wise_spearman	higher_is_better				46	2	2	0.86666666666699999	0.0060663191049999997	0.025912430447					0				estimated
hard_partition	frozen_two_axis_joint	gene_wise_spearman	higher_is_better				46	4	2	0.86666666666699999	0.0079243553159999997	0.032490235372					0				estimated
permutation_reference	permuted_joint_labels	gene_wise_spearman	higher_is_better				46	4				0.025485054311					10000	0.012296162486	0.051006854435999997	0.185	estimated_descriptive_reference
continuous_pairwise		relative_l2_response_error	lower_is_better	pb_biolord_star	pb_cpa	continuous_intercept	46	0					0.122782500714	0.027384175672000001	0	0.024227508561000002	0				estimated
continuous_pairwise		relative_l2_response_error	lower_is_better	pb_biolord_star	pb_cpa	continuous_effect_rank	46	0					0.112767983733	0.022189928096999999	-0.010014516980999999	0.014212991579	0				estimated
continuous_pairwise		relative_l2_response_error	lower_is_better	pb_biolord_star	pb_cpa	continuous_additivity_violation_rank	46	0					0.098554992154000001	0.018642345179999999	-0.024227508561000002	0	0				estimated
continuous_pairwise		relative_l2_response_error	lower_is_better	pb_biolord_star	pb_cpa	continuous_additive_axes	46	0					0.098281912205999994	0.017958813072	-0.024500588508	-0.00027307994699999998	0				estimated
continuous_pairwise		relative_l2_response_error	lower_is_better	pb_biolord_star	pb_cpa	continuous_axis_interaction	46	0					0.096491217532999995	0.017551243368999998	-0.026291283182000001	-0.0020637746210000001	0				estimated
continuous_pairwise		relative_l2_response_error	lower_is_better	pb_biolord_star	pb_decoder_only	continuous_intercept	46	0					0.14569990918100001	0.035542863323000003	0	0.036997540411999999	0				estimated
continuous_pairwise		relative_l2_response_error	lower_is_better	pb_biolord_star	pb_decoder_only	continuous_effect_rank	46	0					0.130197901965	0.025931727394000001	-0.015502007216000001	0.021495533197	0				estimated
continuous_pairwise		relative_l2_response_error	lower_is_better	pb_biolord_star	pb_decoder_only	continuous_additivity_violation_rank	46	0					0.108702368769	0.019076654591000001	-0.036997540411999999	0	0				estimated
continuous_pairwise		relative_l2_response_error	lower_is_better	pb_biolord_star	pb_decoder_only	continuous_additive_axes	46	0					0.105221849159	0.017567070997000001	-0.040478060020999997	-0.0034805196089999998	0				estimated
continuous_pairwise		relative_l2_response_error	lower_is_better	pb_biolord_star	pb_decoder_only	continuous_axis_interaction	46	0					0.107210064099	0.018336533397000001	-0.038489845081999999	-0.00149230467	0				estimated
continuous_pairwise		relative_l2_response_error	lower_is_better	pb_biolord_star	pb_latent_additive	continuous_intercept	46	0					0.13455800224200001	0.034303898999	0	0.039872619864000002	0				estimated
continuous_pairwise		relative_l2_response_error	lower_is_better	pb_biolord_star	pb_latent_additive	continuous_effect_rank	46	0					0.11708080770199999	0.025371878574000001	-0.017477194540000001	0.022395425324	0				estimated
continuous_pairwise		relative_l2_response_error	lower_is_better	pb_biolord_star	pb_latent_additive	continuous_additivity_violation_rank	46	0					0.094685382378000005	0.018306103731999999	-0.039872619864000002	0	0				estimated
continuous_pairwise		relative_l2_response_error	lower_is_better	pb_biolord_star	pb_latent_additive	continuous_additive_axes	46	0					0.093045948187000002	0.016842589823999998	-0.041512054054999997	-0.001639434191	0				estimated
continuous_pairwise		relative_l2_response_error	lower_is_better	pb_biolord_star	pb_latent_additive	continuous_axis_interaction	46	0					0.097724921364999995	0.017246582146	-0.036833080876999998	0.003039538987	0				estimated
continuous_pairwise		relative_l2_response_error	lower_is_better	pb_biolord_star	pb_linear_additive	continuous_intercept	46	0					0.25418259491400003	0.11180633017200001	0	0.068727681329999998	0				estimated
continuous_pairwise		relative_l2_response_error	lower_is_better	pb_biolord_star	pb_linear_additive	continuous_effect_rank	46	0					0.166552100782	0.046420177468	-0.087630494131999997	-0.018902812803000001	0				estimated
continuous_pairwise		relative_l2_response_error	lower_is_better	pb_biolord_star	pb_linear_additive	continuous_additivity_violation_rank	46	0					0.18545491358499999	0.055290082036999998	-0.068727681329999998	0	0				estimated
continuous_pairwise		relative_l2_response_error	lower_is_better	pb_biolord_star	pb_linear_additive	continuous_additive_axes	46	0					0.12651906677200001	0.027768289966	-0.12766352814199999	-0.058935846812000002	0				estimated
continuous_pairwise		relative_l2_response_error	lower_is_better	pb_biolord_star	pb_linear_additive	continuous_axis_interaction	46	0					0.11232352245	0.020922992665000001	-0.14185907246400001	-0.073131391135000001	0				estimated
continuous_pairwise		relative_l2_response_error	lower_is_better	pb_biolord_star	pb_sparse_additive_vae	continuous_intercept	46	0					0.046532170333	0.0041028374579999997	0	-0.001886248077	0				estimated
continuous_pairwise		relative_l2_response_error	lower_is_better	pb_biolord_star	pb_sparse_additive_vae	continuous_effect_rank	46	0					0.039685943548000001	0.0030001691379999999	-0.0068462267859999999	-0.0087324748619999996	0				estimated
continuous_pairwise		relative_l2_response_error	lower_is_better	pb_biolord_star	pb_sparse_additive_vae	continuous_additivity_violation_rank	46	0					0.048418418409999997	0.0041031323589999997	0.001886248077	0	0				estimated
continuous_pairwise		relative_l2_response_error	lower_is_better	pb_biolord_star	pb_sparse_additive_vae	continuous_additive_axes	46	0					0.040215859691	0.0031105205299999999	-0.0063163106429999999	-0.0082025587190000006	0				estimated
continuous_pairwise		relative_l2_response_error	lower_is_better	pb_biolord_star	pb_sparse_additive_vae	continuous_axis_interaction	46	0					0.041126960987	0.0031958910220000001	-0.0054052093459999997	-0.0072914574229999999	0				estimated
continuous_pairwise		relative_l2_response_error	lower_is_better	pb_cpa	pb_decoder_only	continuous_intercept	46	0					0.077630994630000005	0.010611006304	0	0.0074964094259999999	0				estimated
continuous_pairwise		relative_l2_response_error	lower_is_better	pb_cpa	pb_decoder_only	continuous_effect_rank	46	0					0.073863153560999997	0.010538141038	-0.0037678410679999998	0.0037285683570000001	0				estimated
continuous_pairwise		relative_l2_response_error	lower_is_better	pb_cpa	pb_decoder_only	continuous_additivity_violation_rank	46	0					0.070134585203999997	0.0098837808659999991	-0.0074964094259999999	0	0				estimated
continuous_pairwise		relative_l2_response_error	lower_is_better	pb_cpa	pb_decoder_only	continuous_additive_axes	46	0					0.070978600848999998	0.0104384556	-0.0066523937799999999	0.00084401564499999996	0				estimated
continuous_pairwise		relative_l2_response_error	lower_is_better	pb_cpa	pb_decoder_only	continuous_axis_interaction	46	0					0.069232372520999994	0.0097289806819999998	-0.0083986221089999997	-0.00090221268299999998	0				estimated
continuous_pairwise		relative_l2_response_error	lower_is_better	pb_cpa	pb_latent_additive	continuous_intercept	46	0					0.061953192389000003	0.0067897682299999998	0	0.006029330726	0				estimated
continuous_pairwise		relative_l2_response_error	lower_is_better	pb_cpa	pb_latent_additive	continuous_effect_rank	46	0					0.059726565407999997	0.0067114986739999997	-0.0022266269820000002	0.0038027037449999998	0				estimated
continuous_pairwise		relative_l2_response_error	lower_is_better	pb_cpa	pb_latent_additive	continuous_additivity_violation_rank	46	0					0.055923861663	0.0060392232119999998	-0.006029330726	0	0				estimated
continuous_pairwise		relative_l2_response_error	lower_is_better	pb_cpa	pb_latent_additive	continuous_additive_axes	46	0					0.056343991007999999	0.0063485633959999999	-0.0056092013810000001	0.00042012934500000002	0				estimated
continuous_pairwise		relative_l2_response_error	lower_is_better	pb_cpa	pb_latent_additive	continuous_axis_interaction	46	0					0.056757215941	0.0065535109859999998	-0.0051959764479999997	0.00083335427799999999	0				estimated
continuous_pairwise		relative_l2_response_error	lower_is_better	pb_cpa	pb_linear_additive	continuous_intercept	46	0					0.19230927520499999	0.062902727298000005	0	0.031647279516999999	0				estimated
continuous_pairwise		relative_l2_response_error	lower_is_better	pb_cpa	pb_linear_additive	continuous_effect_rank	46	0					0.13046481721200001	0.032339773214	-0.061844457993	-0.030197178476000001	0				estimated
continuous_pairwise		relative_l2_response_error	lower_is_better	pb_cpa	pb_linear_additive	continuous_additivity_violation_rank	46	0					0.16066199568799999	0.044150112110999999	-0.031647279516999999	0	0				estimated
continuous_pairwise		relative_l2_response_error	lower_is_better	pb_cpa	pb_linear_additive	continuous_additive_axes	46	0					0.12869601924599999	0.028508367571	-0.063613255958999998	-0.031965976441999999	0				estimated
continuous_pairwise		relative_l2_response_error	lower_is_better	pb_cpa	pb_linear_additive	continuous_axis_interaction	46	0					0.12735601648299999	0.027287043309	-0.064953258722000001	-0.033305979205000003	0				estimated
continuous_pairwise		relative_l2_response_error	lower_is_better	pb_cpa	pb_sparse_additive_vae	continuous_intercept	46	0					0.148639216628	0.037778059837	0	0.029919372892000001	0				estimated
continuous_pairwise		relative_l2_response_error	lower_is_better	pb_cpa	pb_sparse_additive_vae	continuous_effect_rank	46	0					0.123416610898	0.025609328822999999	-0.02522260573	0.0046967671620000003	0				estimated
continuous_pairwise		relative_l2_response_error	lower_is_better	pb_cpa	pb_sparse_additive_vae	continuous_additivity_violation_rank	46	0					0.118719843736	0.025674217988	-0.029919372892000001	0	0				estimated
continuous_pairwise		relative_l2_response_error	lower_is_better	pb_cpa	pb_sparse_additive_vae	continuous_additive_axes	46	0					0.113977331219	0.021550618777999998	-0.034661885408999997	-0.004742512517	0				estimated
continuous_pairwise		relative_l2_response_error	lower_is_better	pb_cpa	pb_sparse_additive_vae	continuous_axis_interaction	46	0					0.113901313819	0.020140925349	-0.034737902809	-0.0048185299169999996	0				estimated
continuous_pairwise		relative_l2_response_error	lower_is_better	pb_decoder_only	pb_latent_additive	continuous_intercept	46	0					0.061560459549000003	0.0064184434069999999	0	-0.0015274017570000001	0				estimated
continuous_pairwise		relative_l2_response_error	lower_is_better	pb_decoder_only	pb_latent_additive	continuous_effect_rank	46	0					0.062884886798	0.0067669672130000001	0.0013244272480000001	-0.000202974509	0				estimated
continuous_pairwise		relative_l2_response_error	lower_is_better	pb_decoder_only	pb_latent_additive	continuous_additivity_violation_rank	46	0					0.063087861305999998	0.0067962761630000002	0.0015274017570000001	0	0				estimated
continuous_pairwise		relative_l2_response_error	lower_is_better	pb_decoder_only	pb_latent_additive	continuous_additive_axes	46	0					0.064308349619999997	0.007036248139	0.0027478900709999999	0.0012204883140000001	0				estimated
continuous_pairwise		relative_l2_response_error	lower_is_better	pb_decoder_only	pb_latent_additive	continuous_axis_interaction	46	0					0.065275015625999994	0.0068513916229999998	0.0037145560770000001	0.0021871543200000002	0				estimated
continuous_pairwise		relative_l2_response_error	lower_is_better	pb_decoder_only	pb_linear_additive	continuous_intercept	46	0					0.162658610722	0.050300856000999997	0	0.012052136505	0				estimated
continuous_pairwise		relative_l2_response_error	lower_is_better	pb_decoder_only	pb_linear_additive	continuous_effect_rank	46	0					0.117968601706	0.027853391969	-0.044690009016000003	-0.032637872510999998	0				estimated
continuous_pairwise		relative_l2_response_error	lower_is_better	pb_decoder_only	pb_linear_additive	continuous_additivity_violation_rank	46	0					0.15060647421699999	0.039745819378000001	-0.012052136505	0	0				estimated
continuous_pairwise		relative_l2_response_error	lower_is_better	pb_decoder_only	pb_linear_additive	continuous_additive_axes	46	0					0.12091149313500001	0.026680868468999999	-0.041747117586999997	-0.029694981081999999	0				estimated
continuous_pairwise		relative_l2_response_error	lower_is_better	pb_decoder_only	pb_linear_additive	continuous_axis_interaction	46	0					0.104283329592	0.020783306758000001	-0.058375281129999998	-0.046323144625	0				estimated
continuous_pairwise		relative_l2_response_error	lower_is_better	pb_decoder_only	pb_sparse_additive_vae	continuous_intercept	46	0					0.17028560578499999	0.047457696140999997	0	0.046433517139999998	0				estimated
continuous_pairwise		relative_l2_response_error	lower_is_better	pb_decoder_only	pb_sparse_additive_vae	continuous_effect_rank	46	0					0.13520157269800001	0.029179164173999999	-0.035084033086999998	0.011349484053	0				estimated
continuous_pairwise		relative_l2_response_error	lower_is_better	pb_decoder_only	pb_sparse_additive_vae	continuous_additivity_violation_rank	46	0					0.123852088645	0.026684282989999999	-0.046433517139999998	0	0				estimated
continuous_pairwise		relative_l2_response_error	lower_is_better	pb_decoder_only	pb_sparse_additive_vae	continuous_additive_axes	46	0					0.113640022009	0.021077232206999998	-0.056645583776	-0.010212066636	0				estimated
continuous_pairwise		relative_l2_response_error	lower_is_better	pb_decoder_only	pb_sparse_additive_vae	continuous_axis_interaction	46	0					0.116379184292	0.021728094201000001	-0.053906421492999998	-0.0074729043529999997	0				estimated
continuous_pairwise		relative_l2_response_error	lower_is_better	pb_latent_additive	pb_linear_additive	continuous_intercept	46	0					0.16530344042699999	0.046390905051999998	0	0.014806254343	0				estimated
continuous_pairwise		relative_l2_response_error	lower_is_better	pb_latent_additive	pb_linear_additive	continuous_effect_rank	46	0					0.110969388004	0.02271618073	-0.054334052424000003	-0.039527798080000003	0				estimated
continuous_pairwise		relative_l2_response_error	lower_is_better	pb_latent_additive	pb_linear_additive	continuous_additivity_violation_rank	46	0					0.15049718608400001	0.035496244222999997	-0.014806254343	0	0				estimated
continuous_pairwise		relative_l2_response_error	lower_is_better	pb_latent_additive	pb_linear_additive	continuous_additive_axes	46	0					0.109751282896	0.021584473640999999	-0.055552157531999997	-0.040745903187999997	0				estimated
continuous_pairwise		relative_l2_response_error	lower_is_better	pb_latent_additive	pb_linear_additive	continuous_axis_interaction	46	0					0.098137533723000006	0.018567091588999999	-0.067165906703999995	-0.052359652361	0				estimated
continuous_pairwise		relative_l2_response_error	lower_is_better	pb_latent_additive	pb_sparse_additive_vae	continuous_intercept	46	0					0.16112615624900001	0.047701711442	0	0.044846333645	0				estimated
continuous_pairwise		relative_l2_response_error	lower_is_better	pb_latent_additive	pb_sparse_additive_vae	continuous_effect_rank	46	0					0.12893866784899999	0.030386604436000001	-0.032187488399999999	0.012658845245	0				estimated
continuous_pairwise		relative_l2_response_error	lower_is_better	pb_latent_additive	pb_sparse_additive_vae	continuous_additivity_violation_rank	46	0					0.11627982260399999	0.027494645698	-0.044846333645	0	0				estimated
continuous_pairwise		relative_l2_response_error	lower_is_better	pb_latent_additive	pb_sparse_additive_vae	continuous_additive_axes	46	0					0.110683570563	0.022116431738	-0.050442585685999998	-0.0055962520409999997	0				estimated
continuous_pairwise		relative_l2_response_error	lower_is_better	pb_latent_additive	pb_sparse_additive_vae	continuous_axis_interaction	46	0					0.118464192681	0.021994224255999999	-0.042661963567999998	0.0021843700769999998	0				estimated
continuous_pairwise		relative_l2_response_error	lower_is_better	pb_linear_additive	pb_sparse_additive_vae	continuous_intercept	46	0					0.27779064616299998	0.140880898798	0	0.059819750183000002	0				estimated
continuous_pairwise		relative_l2_response_error	lower_is_better	pb_linear_additive	pb_sparse_additive_vae	continuous_effect_rank	46	0					0.18035389131999999	0.056177970559999998	-0.097436754843000004	-0.037617004660000002	0				estimated
continuous_pairwise		relative_l2_response_error	lower_is_better	pb_linear_additive	pb_sparse_additive_vae	continuous_additivity_violation_rank	46	0					0.21797089598	0.077588534139999998	-0.059819750183000002	0	0				estimated
continuous_pairwise		relative_l2_response_error	lower_is_better	pb_linear_additive	pb_sparse_additive_vae	continuous_additive_axes	46	0					0.1389066142	0.038055592685	-0.138884031963	-0.079064281779999995	0				estimated
continuous_pairwise		relative_l2_response_error	lower_is_better	pb_linear_additive	pb_sparse_additive_vae	continuous_axis_interaction	46	0					0.125557287174	0.029701578861	-0.15223335898900001	-0.092413608805999997	0				estimated
hard_partition	magnitude_only_binary	relative_l2_response_error	lower_is_better				46	2	1	0.73333333333299999	0	0.062957078102999997					0				estimated
hard_partition	additivity_violation_only_binary	relative_l2_response_error	lower_is_better				46	2	2	0.46666666666700002	0.018988341004999999	0.083382816957000006					0				estimated
hard_partition	frozen_two_axis_joint	relative_l2_response_error	lower_is_better				46	4	2	0.46666666666700002	0.029825058317000001	0.083523183434999995					0				estimated
permutation_reference	permuted_joint_labels	relative_l2_response_error	lower_is_better				46	4				0.045395979539					10000	0.02083811809	0.095447317027000003	0.049200000000000001	estimated_descriptive_reference
